{"masterVolume":0.7869139313697815,"bgmVolume":0.7289966344833374,"seVolume":0.7289966344833374,"seedParameters":[1796,1666,1831,1679]}
